Species,Weight,Length1,Length2,Length3,Height,Width
Bream,621.0342592219047,33.30624040942858,36.638641046095245,41.38783637542856,18.69955156533334,6.1756197293809505
Parkki,157.1274334175758,22.067385789696964,24.16109728727273,25.84638482575757,12.465449455757577,3.736229927818181
Perch,385.4643027540894,29.162473944464285,31.024313330732145,32.85541593458332,10.897861955101197,5.481619291833333
Pike,721.8599363941177,46.04427275627452,48.2427029217647,52.27947727215685,11.566544788156861,5.71965344964706
Roach,155.49539431498337,23.992542443666665,25.70315604799999,28.126810328500007,10.112787854033332,4.3381521982499995
Smelt,14.434189229976194,14.423119180952384,15.041544259047617,15.985054362619048,6.029688206380952,1.9403476919761902
Whitefish,534.3553460944445,32.79304982055556,34.970353118333335,36.995182264444445,13.099231735,6.1952999112222225
